{
  "version": 1,
  "author": "Anonymous maker",
  "editor": "wokwi",
  "parts": [
    { "type": "board-esp32-devkit-c-v4", "id": "esp", "top": 57.6, "left": -33.56, "attrs": {} },
    {
      "type": "wokwi-led",
      "id": "led1",
      "top": -70.8,
      "left": 157.4,
      "attrs": { "color": "red" }
    },
    {
      "type": "wokwi-led",
      "id": "led2",
      "top": -70.8,
      "left": 234.2,
      "attrs": { "color": "green" }
    },
    { "type": "wokwi-hc-sr04", "id": "ultrasonic1", "top": -84.9, "left": -71.3, "attrs": {} }
  ],
  "connections": [
    [ "esp:TX", "$serialMonitor:RX", "", [] ],
    [ "esp:RX", "$serialMonitor:TX", "", [] ],
    [ "led1:A", "esp:12", "green", [ "v307.2", "h-288", "v9.6" ] ],
    [ "led2:A", "esp:13", "green", [ "v345.6", "h-403.2", "v-9.6" ] ],
    [ "led1:C", "esp:GND.2", "green", [ "v115.2", "h-105.2" ] ],
    [ "led2:C", "esp:GND.2", "green", [ "v115.2", "h-182" ] ],
    [
      "ultrasonic1:TRIG",
      "esp:17",
      "green",
      [ "v38.4", "h95.6", "v-9.6", "h0", "v0", "h0", "v19.2" ]
    ],
    [
      "ultrasonic1:ECHO",
      "esp:16",
      "green",
      [ "v19.2", "h114.4", "v0", "h0", "v48", "h0", "v105.6" ]
    ],
    [ "ultrasonic1:GND", "esp:GND.2", "black", [ "v28.8", "h94.8", "v0", "h0", "v9.6", "h-9.6" ] ],
    [ "ultrasonic1:VCC", "esp:3V3", "red", [ "v9.6", "h-76.8", "v9.6" ] ]
  ],
  "dependencies": {}
}