{
  "version": 1,
  "author": "Devansh Mamoriya",
  "editor": "wokwi",
  "parts": [
    {
      "type": "board-st-nucleo-c031c6",
      "id": "nucleo",
      "top": -95.17,
      "left": -519.38,
      "attrs": {}
    },
    {
      "type": "wokwi-led",
      "id": "led1",
      "top": -157.2,
      "left": -44.2,
      "attrs": { "color": "red" }
    },
    { "type": "wokwi-hc-sr04", "id": "ultrasonic1", "top": -257.7, "left": -464.9, "attrs": {} }
  ],
  "connections": [
    [ "$serialMonitor:TX", "nucleo:PA3", "", [] ],
    [ "$serialMonitor:RX", "nucleo:PA2", "", [] ],
    [ "ultrasonic1:TRIG", "nucleo:PA0", "green", [ "v38.4", "h-192.4", "v-9.6" ] ],
    [ "ultrasonic1:ECHO", "nucleo:PA1", "green", [ "v67.2", "h-183.2", "v268.8", "h-9.6" ] ],
    [
      "ultrasonic1:GND",
      "nucleo:GND.7",
      "black",
      [ "v48", "h200.4", "v9.6", "h0", "v220.8", "h-105.6" ]
    ],
    [
      "ultrasonic1:VCC",
      "nucleo:5V.2",
      "red",
      [ "v19.2", "h-240", "v0", "h0", "v-76.8", "h19.2", "v326.4" ]
    ],
    [ "led1:C", "nucleo:GND.7", "green", [ "v0" ] ],
    [ "led1:A", "nucleo:PC13", "green", [ "v364.8", "h-566.4", "v-115.2", "h76.8", "v-9.6" ] ]
  ],
  "dependencies": {}
}